CstmrCD,Cstmr.Name,Mfg.No.,RE,ProductName
AI005,,PO25-0700440 Q/AFT/250717-1,SC6-A1(SC120A),MEI23-01-009
AI005,,PO25-0800204 Q/AFT/250814-1,335778-90010-09(E-687)4421,MEI24-06-009
AI005,,PO25-0800203 Q/AFT/250814-4,JBA23-000030(9-65108)4511,X14-286
AI005,,stock,37315-0K010(9-65116)4511,MEI22-11-013
AI005,,Q/AFT/250816-6,37313-0K010(E-591)4122,X15-151
AI005,, PO25-0900093  Q/AFT/250828-1,JBA23-000030(9-65108)3421B,X13-114
AI005,, PO25-0900093  Q/AFT/250828-1,JBA23-000030(9-65108)4511,X14-286
AI005,, PO25-0900093  Q/AFT/250828-1,JBA23-000030(9-65108)4521,X14-034
AI005,,,37315-0K010(9-65116)4511,MEI22-11-013
AI005,,PO25-0800354 Q/AFT/250806-1,SC6-A1(SC102H),MEI21-11-003
AI005,,PO25-0800354 Q/AFT/250806-1,KR30-7FL(G102),MEI19-10-006
AI005,,PO25-0800354 Q/AFT/250806-1,SC4-A2(SC127),T14-031
AI005,,PO25-0900069 Q/AFT/250828-5,JBA22-000050(E-607)4321B,X14-276
AI005,,Q/AFT/250902-1,JBA24-000070(E-604)4224,X14-298
AI005,,Q/AFT/250902-1,JBA24-000070(E-604)4324,MEI22-09-009
AI005,,Q/AFT/250902-1,JBA24-000060(E-605)4421C,MEI25-07-008
AI005,,Q/AFT/250902-1,335746-90010-09(E-684)4221,MEI24-02-011
AI005,,Q/AFT/250902-1,335778-90010-09(E-687)4221,MEI24-02-021
AI005,,Q/AFT/250902-1,335748-90010-09(E-695)4221,MEI24-02-013
AI005,, PO25-0900091 Q/AFT/250902-2,335748-90010-09(E-695)4421,MEI24-06-008
AI005,,PO25-0900162 Q/AFT/250906-1,13411-0E010(2GD)4411,MEI23-08-004
AI005,,PO25-0900162 Q/AFT/250906-1,13411-0E010(2GD)4411,MEI23-08-004
AI005,,PO25-0900162 Q/AFT/250906-1,13411-0E010(2GD)4421,MEI23-08-004
AI005,,PO25-0900162 Q/AFT/250906-1,13411-0E010(2GD)4421,MEI23-08-004
AI005,,PO25-0900162 Q/AFT/250906-1,13411-0E010(2GD)4211,MEI23-08-004
AI005,,PO25-0900162 Q/AFT/250906-1,13411-0E010(2GD)4211,MEI23-08-004
AI005,,PO25-0900162 Q/AFT/250906-1,13411-0E010(2GD)4221,MEI23-08-004
AI005,,PO25-0900162 Q/AFT/250906-1,13411-0E010(2GD)4221,MEI23-08-004
AI005,, PO25-0900089 Q/AFT/250324-3RM,JBA31-000010(9-65112)4411,RAW MATERIAL+HEAT TREATMENT
AI005,, PO25-0900089 Q/AFT/250324-3RM,JBA31-00010(9-65112)4421,RAW MATERIAL +HEAT TREATMENT
AI005,, PO25-0900089 Q/AFT/250324-5RM,JBA31-000020(9-65113)4411,RAW MATERIAL +HEAT TREATMENT
AI005,,PO25-0900169 Q/AFT/250906-2,JBA23-000030(9-65108)3321,X14-226
AI005,,PO25-0900169 Q/AFT/250906-2,JBA31-000010(9-65112)3321,MEI19-11-004
AI005,,PO25-0900169 Q/AFT/250906-2,JBA31-000020(9-65113)3321,X16-170
AI005,,09/09/2025,13411-0E010(2GD)4411,MEI23-08-004
AI005,,09/09/2025,13411-0E010(2GD)4421,MEI23-08-004
AI005,,09/09/2025,13411-0E010(2GD)4211,MEI23-08-004
AI005,,09/09/2025,13411-0E010(2GD)4221,MEI23-08-004
AI005,,09/09/2025,PSED-11301(MAZDA-PE)4411,MEI24-02-019
AI005,,09/09/2025,PSED-11301(MAZDA-PE)4421,MEI24-02-019
AI005,,09/09/2025,PSED-11301(MAZDA-PE)4211,MEI24-02-019
AI005,,09/09/2025,PSED-11301(MAZDA-PE)4221,MEI24-02-019
AI005,,9-9-2025,JBA31-000010(9-65112)3315,X13-116
AI005,,D/O 083-4132,13411-0Y170(1NR)4411,MEI24-02-014
AI005,,D/O 083-4132,13411-0Y170(1NR)4421,MEI24-02-014
AI005,,D/O 083-4132,13411-0Y170(1NR)4211,MEI24-02-014
AI005,,D/O 083-4132,13411-0Y170(1NR)4221,MEI24-02-014
AI005,,D/O 083-4132,13411-0Y150(2NR)4411,MEI24-02-015
AI005,,D/O 083-4132,13411-0Y150(2NR)4421,MEI24-02-015
AI005,,D/O 083-4132,13411-0Y150(2NR)4211,MEI24-02-015
AI005,,D/O 083-4132,13411-0Y150(2NR)4221,MEI24-02-015
AI005,,D/O 083-4132,13411-0Y160(3NR)4411,MEI24-02-016
AI005,,D/O 083-4132,13411-0Y160(3NR)4421,MEI24-02-016
AI005,,D/O 083-4132,13411-0Y160(3NR)4211,MEI24-02-016
AI005,,D/O 083-4132,13411-0Y160(3NR)4221,MEI24-02-016
AI005,,Q/AFT/250324-2RM,13411-0T071(2ZR)4411,Raw Material+Heat treatment
AI005,,D/O 083-4132,JBA24-000060(E-605)4321A,MEI20-11-012
AI005,,Q/AFT/250324-2RM,13411-0T071(2ZR)4421,Raw Material+Heat treatment
AI005,,Q/AFT/250324-2RM,13411-0T071(2ZR)4211,Raw Material+Heat treatment
AI005,,Q/AFT/250324-2RM,13411-0T071(2ZR)4221,Raw Material+Heat treatment
AI005,,Q/AFT/250324-1RM,41251-0K100(9-65114)4411,Raw Material YXR33
AI005,,Q/AFT/250324-1RM,37313-0K010(E591)4311,Raw Material YXR33
AI005,,Q/AFT/250324-1RM,JBA22-000040(E-606)4311,Raw Material YXR33
AI005,,Q/AFT/250324-1RM,41251-0K100(9-65114)4411,Raw Material  YXR33
AI005,,Q/AFT/250324-1RM,JBA24-000070(E-604)4311, Raw Material  YXR33
AI005,,Q/AFT/250324-1RM,JBA24-000060(E-605)4311,Raw Material  YXR33
AI005,,10-9-2025,JBA23-000030(9-65108)4423,MEI22-11-016
AI005,,10-9-2025,41251-0K100(9-65114)4426,MEI22-09-018
AI005,,10-9-2025,41251-0K100(9-65114)4112,MEI22-01-001
AI005,,10-9-2025,37315-0K010(9-65116)4511,MEI22-11-013
AI005,,10/09/2025,JBA31-000020(9-65113)4224,MEI21-01-010
AI005,,10/09/2025,JBA31-000020(9-65113)4224A,MEI19-07-008
AI005,,10/09/2025,JBA31-000020(9-65113)3315,X13-115
AI005,,10/09/2025,JBA31-000020(9-65113)3316,X13-115
AI005,,PO25-0900184 Q/AFT/250828,SC4-A2-SC121,MEI21-10-003
AI005,,PO25-0900184 Q/AFT/250828,SC4-A2-SC118,MEI21-10-003
AI005,,PO25-0900184 Q/AFT/250828,SC6-A1(SC109),T18-182
AI005,,PO25-0900184 Q/AFT/250828,SC4-A2(SC108C),T18-254
AI005,,PO25-0900184 Q/AFT/250828,CS4-A2(SC123),T14-031
AI005,,PO25-0900184 Q/AFT/250828,KR16-TH(Q121),MEI24-06-006
AI005,,PO25-0900184 Q/AFT/250828,KR30-7FL(S102),T16-308
AI005,,PO25-0900184 Q/AFT/250828,SC4-A2(SC104A),MEI19-12-006
AI005,,PO25-0900184 Q/AFT/250828,SC4-A2(SC120A),MEII21-10-003
CN014,,,SURFACE GRINDING,+HEAT TREATMENT
EN006,,NOVEMBER 21,P-IRON-TMM-1-0,
EN006,,NOVEMBER 21,P-IRON-TMM-1-0,
JT009,,JTC-G-2501035,#9 PUNCH,PEJA29010-1
JT008,,JTC-L-2512042,FINGER(R) TA3484-600-007,
JT008,,JTC-L-2512042,FINGER(L) TA3484-600-007,
JT008,,JTC-L-2512422,DIMPLE PUNCH,KC1518DJTC
JT009,,JTC-G-2501593,#1 BLANKING DIE,LEM-5305-201.103
JT008,,JTC-L-2504521,75-96389420-1#4420,500D UFJ105 OUTER
JT008,,JTC-L-2504521,75-96389421-1 #4421,500D UFJ105 OUTER
JT008,,JTC-L-2504521,75-96389422-1 #4422,500D UFJ105 OUTER
JT009,,JTC-L-2512579,75-96389326-1 #4326,500D UFJ105 OUTER
JT008,,JTC-L-2512580,75-96389812-0 #812,500D UFJ105 OUTER
JT008,,JTC-L-2512577,75-96389221-1 #4221,500D UFJ105 OUTER
JT008,,JTC-L-2512577,75-96389222-1 #4222,500D UFJ105 OUTER
JT008,,JTC-L-2512578,75-96389321-2 #4321,500D UFJ105 OUTER
JT008,,JTC-G-2501657,#9 TRIMMING PUNCH 13BTM2012J,020901-2
JT008,,JTC-G-2501657,#9 TRIMMING PUNCH BTM182416,030901-1
JT008,,JTC-L-2512578,75-96389322-1 #4322,500D UFJ105 OUTER
JT009,,JTC-G-2501716,#1 BLANKING DIE,LEM-5305-201.103-1
JT008,,JTC-L-2512701,75-96389420-1 #4420,500D UFJ105 OUTER
JT008,,JTC-L-2512701,75-96389421-2 #4421,500D UFJ105 OUTER
JT008,,JTC-L-2512701,75-96389422-1 #4422,500D UFJ105 OUTER
JT008,,JTC-L-2512701,75-96389426-2 #4426,500D  UFJ105 OUTER
JT008,,JTC-L-2513851 RE080407546,75-96325420-1 #4420,560B XBJ95 OUTER
JT008,,JTC-L-2513851 RE080407546,75-96325421-1 #4421,560B XBJ95 OUTER
JT008,,JTC-L-2513851 RE080407573,75-96290421-2 #4421,560B RPGi100 OUTER LH
JT008,,JTC-L-2513851 RE080407371,75-96224321-2 #4321,800A JF90 OUTER
JT009,,JTC-G-2501750,#13 PUNCH,PEJA2D010
JT008,,JTC-L-2514086 RE080407594,75-96322421-1 #4421,560B RPGi100 OUTER RH
JT008,,JTC-L-2514086 RE080407546,75-96325420-1 #4420,560B XBJ95 OUTER
JT008,,JTC-L-2514086 RE080407546,75-96325421-1 #4421,560B XBJ95 OUTER
JT009,,JTC-G-2501779,#9 TRIMMING PUNCH 14BTM1916B-1,040901-2
JT009,,JTC-G-2501779,#1 BLANKING DIE,LEM-5305-201.103-1
JT009,,JTC-G-2501779,#10 TRIMMING PUNCH,PEJA2A010-2
JT009,,JTC-G-2501795,#1 BLANKING DIE,LEM-5305-201.103-1
JT009,,JTC-G-2501787,#15 PUNCH,PEJA2F010
JT009,,JTC-G-2501788,#1 BLANKING PUNCH,PEJB02F01
JT008,,JTC-L-2513590,DIMPLE PUNCH,KC1718DAATC
JT008,,JTC-L-2513664,DIMPLE PUNCH,KC1718DAATC
JT009,,JTC-G-2501789,#9 TRIMMING PUNCH BT166,010901-1
JT009,,JTC-G-2501789,#10 TRIMMING PUNCH,PEJA2A010-2
JT009,,JTC-G-2501826,#10 TRIMMING PUNCH,PEJA2A010-2
JT009,,JTC-G-2501823,#1 BLAKING PUNCH,PEJB02F01
JT009,,JTC-G-2501820,#10 TRIMMING PUNCH,PEJA2A010-2
JT008,,NG NEW ORDER 250855608,75-96290321-2 #4321,560B RPGi100 OUTER LH
JT008,,JTC-L-2513717,75-96290322-2 #4322,560B RPGi100 OUTER LH
JT008,,JTC-L-2513717,75-96322321-1 #4321,560B RPGi100 OUTER RH
JT008,,JTC-L-2513717,75-96322322-1 #4322,560B RPGi100 OUTER RH
JT008,,JTC-L-2513717,75-96325321-1 #4321,560B XBJ95 OUTER
JT008,,JTC-L-2513717,75-96325322-1 #4322,560B XBJ95 OUTER
JT008,,JTC-L-2513717,75-96224825-2,800A JF90 OUTER
JT009,,JTC-G-2501880,#3 PUNCH,PEJA23010
JT009,,JTC-G-2501895,#10 TRIMMING PUNCH,PEJA2A010-2
JT009,,JTC-G-2501893,#10 TRIMMING PUNCH,PEJA2A010-2
JT008,,JTC-L-2514345,"75-96290821-0 #821A,B,C",560B RPGi100 OUTER LH
JT008,,JTC-L-2514949 RE080407546,75-96325420-1 #4420,560B XBJ95 OUTER
JT008,,JTC-L-2514949 RE080407546,75-96325421-1 #4421,560B XBJ95 OUTER
JT008,,JTC-L-2514949 RE080407540,75-96325321-1 #4321,560B XBJ95 OUTER
JT008,,JTC-L-2514949 RE080407573,75-96290421-2 #4421,560B RPGI100 OUTER LH
JT009,,JTC-G-2501914,#10 TRIMMING PUNCH,PEJA2A010-2
JT009,,JTC-G-2501908,#10 TRIMMING PUNCH,PEJA2A010-2
JT008,,JTC-L-2514788,ROLL JHAX030060,FINISH PRODUCT
JT009,,JTC-G-2501948,#13 PUNCH,PEJA2D010
JT009,,JTC-G-2501958,#10 TRIMMING PUNCH,PEJA2A010-2
JT009,,JTC-G-2501960,#7 PUNCH,PEJA27010
JT009,,JTC-G-2501971,#10 TRIMMING PUNCH,PEJA2A010-2
JT009,,JTC-G-2501975,#15 PUNCH,PEJA2F010
JT008,,JTC-L-2514660,75-96167420-2 #4420,380 JF85 OUTER
JT008,,JTC-L-2514660,75-96167421-3 #4421,380 JF85 OUTER
JT008,,JTC-L-2514660,75-96167422-2 #4422,380 JF85 OUTER
JT008,,JTC-L-2514660,75-96167427-3 #4427,380 JF85 OUTER
JT009,,JTC-G-2502066,#9 TRIMMING PUNCH 13BTM2012J,020901-2
JT009,,JTC-G-2502073,#9 TRIMMING PUNCH 13BTM2012J,020901-2
JT009,,JTC-G-2502080,#12 INNER PULL DIE BT166,011209-2
JT009,,JTC-G-2502080,#12 INNER PULL PUNCH BT166,011201-2
JT009,,JTC-G-2502080,#9 TRIMMING PUNCH BT166,010901-1
JT008,,JTC-L-2515246,DIMPLE PUNCH,KC1718DAATC
JT008,,JTC-L-2515381,DIMPLE PUNCH,KC1518DJTC
JT008,,JTC-L-2515392,75-96167825-0,380 JF85 OUTER
JT008,,JTC-L-2515874 RE080407594,75-96322421-1 #4421,560B RPGi100 OUTER
JT008,,JTC-L-2515874 RE080407376,75-96223421-1 #4421,800A JPL90 OUTER MT
JT008,,JTC-L-2516216 RE080615365,75-96167420-2 #4420,380 JF85 OUTER
JT008,,JTC-L-2516216 RE080615365,75-96167421-3 #4421,380 JF85 OUTER
JT008,,JTC-L-2516216 RE080615365,75-96167427-3 #4427,380 JF85 OUTER
JT008,,JTC-L-2516216 RE080407568,75-96290321-2 #4321,560B RPGi100 OUTER LH
JT008,,JTC-L-2516216 RE080407573,75-96290421-2 #4421,560B RPGi100 OUTER LH
JT008,,JTC-L-2515540,75-96167411-7 #4411,380A JF85 OUTER
JT008,,JTC-L-2515542,75-96218111-0 #4111,610L PGi87 TULIP
JT008,,JTC-L-2515542,75-96387121-0 #4121,500D PGi87 OUTER
JT008,,JTC-L-2515542,75-96387122-0 #4122,500D PGi87 OUTER
JT008,,JTC-L-2515542,75-96387123-0 #4123,500D PGi87 OUTER
JT008,,JTC-L-2515542,75-96218124-0 #4124,610L PGi87 TULIP
JT008,,JTC-L-2515542,75-96218126-0 #4126,610L PGi87 TULIP
JT008,,JTC-L-2513717,75-96290321-2#4321,560B RPGI100 OUTER LH
JT008,,JTC-L-2515541,75-96218211-0 #4211,610L PGi87 TULIP
JT008,,JTC-L-2515541,75-96387221-0 #4221,500D PGi87 OUTER
JT008,,JTC-L-2515541,75-96387222-0 #4222,500D PGi87 OUTER
JT008,,JTC-L-2515541,75-96387223-0 #4223,500D PDi87 OUTER
JT008,,JTC-L-2515541,75-96218224-0 #4224,610L PGi87 TULIP
JT008,,JTC-L-2515541,75-96218226-0 #4226,610L PGi87 TULIP
JT008,,JTC-L-2516215 RE080407546,75-96325420-1 #4420,560B XBJ95 OUTER
JT008,,JTC-L-2516215 RE080407546,75-96325421-1 #4421,560B XBJ95 OUTER
JT009,,,#11 PUNCH CASE,PEJA2B170
JT009,,"JTC-G-2502126 ,JTC-G-2502240",#11 PUNCH CASE,PEJA2B170
JT009,,JTC-G-2502120,#9 PUNCH,PEJA29010-1
JT008,,JTC-L-2515907,75-96224411-1 #4411,800A JF90 OUTER
JT008,,JTC-L-2515766,75-96290411-3 #4411,560B RPGi100 OUTER LH
JT008,,JTC-L-2515917,75-96231311-0 #4311,610L PGi87 TULIP
JT008,,JTC-L-2515917,75-96387321-0 #4321,500D PGi87 OUTER
JT008,,JTC-L-2515917,75-96387322-0 #4322,500D PGi87 OUTER
JT008,,NG NEW ORDER 250957949,75-96387323-0 #4323,500D PGi87 OUTER
JT008,,JTC-L-2515917,75-96218324-0 #4324,610L PGi87 TULIP
JT008,,JTC-L-2515917,75-96218326-0 #4326,610L PGi87 TULIP
JT008,,JTC-L-2515766,75-96167411-7 #4411,380A JF85 OUTER
JT008,,JTC-L-2516039,75-96218425-1 #4425,610L PGi87 TULIP
JT008,,JTC-L-2516039,75-96218812-1,610L PGi87 TULIP
JT008,,JTC-L-2516039,75-96218813-0,610L PGi87 TULIP
JT008,,JTC-L-2516039,75-96218426-0 #4426,610L PGi87 OUTER
JT008,,JTC-L-2516041,75-96387411-0 #4411,500D PGI87 OUTER
JT008,,JTC-L-2516041,75-96218412-1 #4412,610L PGi87 TULIP
JT008,,JTC-L-2516041,75-96387421-0 #4421,500D PGi87 OUTER
JT008,,JTC-L-2516041,75-96387422-0 #4422,500D PGI87 OUTER
JT008,,JTC-L-2516041,75-96387423-0 #4423,500D PGI87 OUTER
JT008,,JTC-L-2516041,75-96218424-0 #4424,610L PGi87 TULIP
JT008,,JTC-L-2516333,75-96218814-0,610L PGi87 TULIP
JT008,,JTC-L-2516333,75-96218815-3,610L PGi87 TULIP
JT008,,JTC-L-2516333,"75-96218821-0 821A,B,C",610L PGi87 TULIP
JT008,,JTC-L-2516333,75-96218823-1,610l PGi87 TULIP
JT008,,JTC-L-2516333,75-96231822-0,610L PGi87 TULIP
JT009,,JTC-G-2502220,#10 TRIMMING PUNCH,PEJA2A010-2
JT008,,JTC-L-2516532,75-96165411-4 #4411,380A JP85 OUTER
JT008,,JTC-L-2516686,75-96167423-3 #4423,380A JF85 OUTER
JT009,,JTC-G-2502229,#10 TRIMMING PUNCH,PEJA2A010-2
JT009,,JTC-G-2502246,#10 TRIMMING PUNCH,PEJA2A010-2
JT009,,JTC-G-2502231,#15 PUNCH,PEJA2F010
JT008,,JTC-L-2516775,BAI62C0001,PISTON
JT008,,JTC-L-2516775,BBB15D0006,BACK NUT
JT008,,JTC-L-2516775,BBW60C0005,BOTTOM ATTACHMENT PLATE
JT008,,JTC-L-2516775,BCC15B0001,MAIN SPINDLE
JT008,,JTC-L-2516775,BCC60D0001,SLIDE PLATE FOR GAUGE
JT008,,JTC-L-2516775,BCH15C0001,BREAKER PLATE
JT008,,JTC-L-2515917,75-96387323-0 #4323,500D PGI87 PUTER
JT008,,Q/JT/241128-3,75-96389426-2 #4426,500D UFJ105 OUTER
KA035,,2501984,TRIMMING UPPER DIE,48191-KK010
KA035,,2502029,FINISHER LOWER -7,38211-6RC40
KA035,,2502029,FINISHER UPPER-2,38211-6RC40
KA035,,2502115 FOR PO2508038,ROUGHR LOWER,48191-KK010
KA035,,2502272,BLOCKER /FINISHER LOWER,SPACER-1 38211-6RC40
LE012,,Q/WP/2307-649/25,VL BLOCK 0043-4,GESENKBLOCK FERTIGMABE
LE012,,Q/WP/2307-649/25,VL BLOCK 0043-4,GESENKBLOCK FERTIGMABE
NA047,,NFTT.2116/2025,HBP80SS-NAC1,
NA047,,NFTT.2116/2025,HBP080-#2 015,
NA047,,NFTT.2117/2025,HBP100-#2-001-01,
NA047,,PD/25-1742,HBP100-#2-001-01,HBP-100
NA047,,NFTT.1741/2025,HBP80SS-NAC1, DIE RING JOINT 15BX
NA047,,NETT.1741/2025,HBP080-#2 015,2DIE RING JOINT KCR
NA047,,NFTT.2274/2025,HBP80SS-NAC1,2DIE RING JOINT 15BX
NA047,,NFTT.2274/2025,HBP080-#2 015,2DIE RING JOINT KCR
NI030,,STOCK งานขายเดือน 8,DIE UPPER(PU),H-KZR-EX
NI030,,STOCK NOVEMBER,DIE LOWER(PL),
NI030,,STOCK DECEMBER,DIE LOWER(PL),
NI030,,STOCK NOVEMBER,DIE UPPER(PU),
NI030,,STOCK DECEMBER,DIE UPPER(PU),
PE014,,ADM6807168,DRAW DIE 2/5,SC02B448/U-SHELL
SA099,,POCM2509001,HOLDER PIN,
SA099,,20250909-01,FB2 56BWKH15-Y-*KD*TH(OP-2)#2,P-PIN
SA099,,20250909-02,FB2 55BWKH33-Y-*17(OP-2)#2,P-PIN
SA099,,20250909-03,FA 48KWH01-Y-*17(OP-5)#1,P-BODY
SA099,,20250909-04,FA 55BWKH33A-Y-*17(OP-3)#3,D-SMALL CORE
SA099,,20250909-05,FA 59BWKH10M-Y-*S*17(OP-4)#2,D-CORE
SA099,,20250909-06,2DUF054N-2K-TC(OP-5)#1,P-BODY
SA099,,20250909-07,FB2 58BWKH37D-Y-*17(OP-3)#2,P-CORE
SA099,,20250909-07,FB2 58BWKH37D-Y-*17(OP-3)#2,P-PIN
SA099,,20250909-08,FB2 58BWKH37D-Y-*17(OP-4)#2,D-CORE
SA099,,20250909-09,3DACF027F-28B-A-TC(OP-2)#3,P-PIN
SH001,,PO202500541,ROLLONG#5 PULLEY BOSS,B4911-17122
SH001,,PO202500541,ROLLING#5 PULLEY BOSS,B4911-17122
SK021,,UMTQ-013-22,5D9-2P-P2-PC-N00-TH-VP,VN-9331
SO018,,1100290719,TEST CUT PIECE MT403186A,3000102255 915227A D 36
SO018,,1100290719,WOEK PIECE MT518368A,3000102292 TM1161A D 36
SO018,,1100290822,TEST CUT PIECE MT405049A,3000102293 915193A D 36
SO018,,1100290822,TEST CUT PIECE MT404302A,3000102293 915269A D 36
SO018,,1100290822,TEST CUT PIECE MT403129A,3000102293 915158A C 36
SO018,,1100290822,TEST CUT PIECE MT403130A,3000102293 915159A D 36
THM025,,DE TEST,C2025-07-04-1,FORMING 2 TAIKOU PUNCH
THM025,,DE TEST,C2026-07-04-2,FORMING 2 TAIKOU PUNCH
THM025,,PO2506110,FC/105046-00 DIE BLOCK,HPF125SS
THM025,,PO2507012,FD/255014-00,RACK BUSH
THM025,,PO2507012,FD/255013-00,RACK BUSH
THM025,,PO2508012,FC/05C044-02,RECEIVED PLATE HPF125SS
THM025,,PO2508048,C2026-07-02-4,FORMING 2 PUNCH
THM025,,PO2508048,C2024-51-07-1,SIZING TAIKOU PUNCH
THM025,,PO2509023,CR RECEIVING ROLL,M/C TYPE CRF 120V
THM025,,PO2509023,05075S1G-0,SIZING CASE CRF70
THM025,,PO2509043,C2024-51-07-1,SIZING TAIKOU PUNCH
THM025,,PO2509043,C2022-51-07-1,SIZING TAIKOU PUNCH
TI002,,TMT2025/0797,32 X 500,RAW MATERIAL + HEAT TREATMENT
TO030,,POG2515824,"LOCK MARK DOOR, (R)",59A22
TO030,,4100161617,LOWER STEEL 63A31,57612-D92A-P4
TO030,,4100161617,LOWER STEEL 63A32,57612-D92A-P4
TO030,,4100161620,STOPPER 63H01,57612-D92A-P4
TO030,,4100161620,STOPPER 63H02,57612-D92A-P4
TO030,,POG2519017,48721-492B-P6 86HR,RETAINER
TO030,,POG2519017,PIN M2 PIN LEVEL M2X25MM.,
TO030,,4100163097,13B-INSRT UPPER STEEL RH,57111-D92A-P2
TO030,,4100163096,13A-INSERT UPPER STEEL LH,57112-D92A-P2
TO030,,4100163095,63C-INSERT LOWER STEEL LH,48622-350B-P5
TO030,,4100163094,63G-INSERT RETAINER,48721-230A-P2
TO030,,POG2520450,LOCK MARK DOOR (L),
TO030,,POG2520411,LOCK MARK CHILD (L),67143.4-D92A-LH
TO030,,POG2520411,LOCK MARK CHILD (R),67143.4-D92A-RH
TO030,,POG2520411,LOCK MARK DOOR (L),
TO030,,POG2520411,LOCK MARK CHILD (L),59A21 384D LH
TO030,,POG2520411,LOCK MARK CHILD (R),59A21 384D RH
TO067,,4100163098,UPPER STEEL PART NO.1,57413.4-KK040-P1/4
TO067,,4100163098,UPPER STEEL PART NO.2,57413.4-KK040-P1/4
TO067,,4100163098,UPPER STEEL PART NO.3,57413.4-KK040-P1/4
TO067,,4100163098,UPPER STEEL PART NO.4,57413.4-KK040-P1/4
TO067,,4100163098,UPPER STEEL PART NO.5,57413.4-KK040-P1/4
TO067,,4100163098,UPPER STEEL PART NO.6,57413.4-KK040-P1/4
TO067,,4100163098,UPPER STEEL PART NO.7,57413.4-KK040-P1/4
TO067,,4100163098,UPPER STEEL PART NO.8,57413.4-KK040-P1/4
TO067,,4100163098,LOWER STEEL PART NO.1,57413.4-KK040-P1/4
TO067,,4100163098,LOWER STEEL PART NO.2,57413.4-KK040-P1/4
TO067,,4100163098,LOWER STEEL PART NO.3,57413.4-KK040-P1/4
TO067,,4100163098,LOWER STEEL PART NO.4,57413.4-KK040-P1/4
TO067,,4100163098,LOWER STEEL PART NO.6,57413.4-KK040-P1/4
TO067,,4100163098,LOWER STEEL PART NO.7,57413.4-KK040-P1/4
TO067,,4100163098,LOWER STEEL PART NO.8,57413.4-KK040-P1/4
TO067,,4100163098,LOWER STEEL PART NO.9,57413.4-KK040-P1/4
TO030,,POG2522388,48721-492B-P6 86HL RETAINER,
TO030,,POG2524319,LOCK MARK CHILD L,67143.4-D92A-LH
TO030,,POG2524319,LOCK MARK CHILD R,67143.4-D92A-RH
TO030,,POG2524319,LOCK MARK CHILD L,59A21 384D LH
TO030,,POG2524319,LOCK MARK CHILD R,59A21 384D RH
TO030,,POG2524319,LOCK MARK DOOR L,
TO030,,POG2524319,LOCK MARK DOOR R,
TO022,,4100167152,93E01 LIFTER RH,DIE NO. 1475
TO022,,4100167152,93EA LIFTER LH,DIE NO. 1475
TO030,,4100161622,83A1 INSERT UPPER STEEL,DIE NO.57132-D92A P4 73D
TO022,,4100167904,CUSION OKATE STOPPER 69A31 RH,DIE NO. 1473
TO022,,4100163809,SCRAP CUTTER 33A01 RH,DIE NO. 1474
TO022,,4100163809,SCRAP CUTTER 33AA LH,DIE NO.1474
TO022,,4100163809,SCRAP CUTTER 33A03 RH,DIE NO.1474
TO022,,4100163809,SCRAP CUTTER 33AC LH,DIE NO.1474
TO022,,4100163809,SCRAP CUTTER 33A04 RH,DIE NO.1474
TO022,,4100163809,SCRAP CUTTER 33AD LH,DIE NO.1474
TO022,,4100163809,SCRAP CUTTER 33A05 RH,DIE NO.1474
TO022,,4100163809,SCRAP CUTTER 33A06 RH,DIE NO.1474
TO022,,4100163809,SCRAP CUTTER 33A07 RH,DIE NO.1474
TO022,,4100163809,SCRAP CUTTER 33AG LH,DIE NO.1474
TO022,,4100163809,LOWER PUNCH STEEL 33B01 RH,DIE NO.1474
TO022,,4100163809,LOWER PUNCH STEEL 33BA LH,DIE NO.1474
TO022,,4100163809,LOWER PUNCH STEEL 33B04 RH,DIE NO.1474
TO022,,4100163809,LOWER PUNCH STEEL 33BD LH,DIE NO.1474
TO022,,4100163809,UPPER STEEL 73C02 RH,DIE NO.1474
TO022,,4100163809,UPPER STEEL 73C03 RH,DIE NO.1474
TO022,,4100163809,UPPER STEEL 73C04 RH,DIE NO.1474
TO022,,4100163809,UPPER STEEL 73F01 RH,DIE NO.1474
TO022,,4100163809,UPPER STEEL 73FA LH,DIE NO.1474
TO022,,4100163809,UPPER STEEL 73F02 RH,DIE NO.1474
TO022,,4100163809,UPPER STEEL 73FB LH,DIE NO.1474
TO022,,4100163809,UPPER STEEL 73F03 RH,DIE NO.1474
TO022,,4100163809,UPPER STEEL 73FC LH,DIE NO.1474
TO083,,Q/LA110725/01 REVISE01,BURRING PUNCH,48711/2-F4030/20
TS002,,PO0068,0309A RS60/RF2060, CUTTING PUNCH
TS002,,PO0068,0309B RS60/RF2060,CUTTING PUNCH
TS002,,PO0068,0310A RS60/RF2060,CUTTING PUNCH
TS002,,PO0068,0310B RS60/RF2060,CUTTING PUNCH
TS002,,PO0068,0311A CUTTING ROLLER GUIDE,RS60-1/RF2060
TS002,,PO0068,0311C CUTTING ROLLER GUIDE,(RF2060S)
TS002,,PO0068,0311D CUTTING ROLLER GUIDE,RF2060R
TS002,,PO0068,0312A CUTTING PUNCH HOLDER,RS60
TS002,,PO0068,0312B CUTTING PUNCH HOLDER,RF2060
TS002,,PO0066,0005 SUPPORT BLOCK,RS40-160
TS002,,PO0068,0313A CUTTING PRESS STOPPER,RS60
TS002,,PO0068,0313B CUTTING PRESS STOPPER,RF2060
TS002,,PO0068,0314 CONTACT PLATE#60,
TS002,,PO0068,0315 COLLECTION RF2060R,
TS002,,PO0068,0316A SPACER (RS60),
TS002,,PO0068,0316B SPACER (RF2060),
TS002,,PO0066,0008 TABLE PAD,RS40-160
TS002,,PO0068,0317A SUPPORT RAIL (RS60),
TS002,,PO0068,0317B  SUPPORT RAIL(RF2060),
TS002,,PO0066,0010A ADAPTE BLOCK A,RS40-160
TS002,,PO0067,0301 RIVETTING PUNCH,RS60
TS002,,PO0067,0302 WIDTH ADJUST PUNCH (#60),"RS60, RF2060"
TS002,,PO0067,0303A GUIDE DIATANCE,RS60
TS002,,PO0067,0303B GUIDE DISTANCE (RF2060),RF2060
TS002,,PO0067,0304A RIVETING RALL (RS60),RS60
TS002,,PO0067,0304B RIVETING RALL (RF2060),RF2060
TS002,,PO0067,0305A RIVETING ROLLER GUIDE,RS60-1
TS002,,PO0067,0305C RIVETING ROLLER GUIDE,RF0260S
TS002,,PO0067,0305D RIVETING ROLLER GUDIE,RF2060R
TS002,,PO0067,0306A RIVETING PUNCH HOLDER,RS60
TS002,,PO0067,0306B RIVETING PUNCH HOLDER,RF2060
TS002,,PO0067,0307A RIVETING PUNCH SUPPORT,RS60
TS002,,PO0067,0307B RIVETING PUNCH SUPPORT,RF2060
TS002,,PO0067,0308 DISTANCE PLATE (#60)T10,RS60
TS002,,PO0067,0308 DISTANCE PLATE (#60)T 9.8,RS60
TS002,,PO0067,0308 DISTANCE PLATE (#60)T10.2,RS60
TS002,,PO0066,0011 HANDLE,RS40-160
UTT001,,FREE ASADA SAN,LUB TESTER MAIN PLATE,
UTT001,,PO-25090004,300TEST,
UTT001,,PO-25090004,CRANK CASE SIMULATION TEST,
UTT001,,,MATERIAL SURVEY (ENDO FORGING),
UTT004,,TEST Press Fit 1000 ton,75-96389420-1 #4420,500D UFJ105 OUTER
UTT004,,TEST Press Fit 1000 ton,75-96389421-1 #4421,500D UFJ105 OUTER
UTT004,,TEST Press Fit 1000 ton,75-96389422-1 #4422,500D UFJ105 OUTER
UTT004,,,UPPER JAW,
UTT004,,,LOWER JAW,
UTT004,,,PLATE FOR PRESS  Lower Base,
UTT004,,,PLATE FOR PRESS Lower Base,MACHINE-REV.2
UTT004,,,WELDIWNG TEST,
UTT004,,,WELDIWNG TEST,
UN013,,,SW-LA,
YA004,,GP050039,6-55575-000-0003,63C MN/B FIX
YA004,,GP050039,6-55575-000-0004,63C MN/B FIX
YA004,,GP050039,6-55575-000-0005,63C MN/B MOVE
YA004,,GP050039,6-55575-000-0006,63C MN/B MOVE
YA004,,GP050617,6-55687-000-0003,FIX CAVITY-0003
YA004,,GP050617,6-55687-000-0004,FIX CAVITY-0004
YA004,,GP050617,6-55687-000-0005,MOVE CAVITY-0005
YA004,,GP060005,00-5R0-15112-0000-Z1,MOVE CAVITY
YA004,,GP060005,00-5R0-15112-0000-Z1,FIX CAVITY
YA004,,GP060361,6-55696-000-0004,"6MD CASE W/P MOVE CAVITY #5,6"
YA004,,GP050617,6-55687-000-0006,MOVE CAVITY-0006
YA004,,GP060361,6-55696-000-0003,6MD CASE W/P FIX CAVITY #5.6
,,,,
